<?xml version="1.0"?>
<root main_tree_to_execute="BehaviorTree">
    <!-- ////////// -->
    <BehaviorTree ID="BehaviorTree">
        <Sequence>
            <Action ID="MongoValueWriter" input_value="false" mongo_param_name="ARRIVAL_FLG" mongo_record_name="SAMPLE_BLACKBOARD_SIMIZU"/>
            <Action ID="MongoValueWriter" input_value="false" mongo_param_name="SENSING_ARRIVAL_FLG" mongo_record_name="SAMPLE_BLACKBOARD_SIMIZU"/>
            <Action ID="MongoValueWriter" input_value="false" mongo_param_name="MOVING_FLG" mongo_record_name="SAMPLE_BLACKBOARD_SIMIZU"/>
            <Action ID="MongoValueWriter" input_value="false" mongo_param_name="SENSING_LOADED_FLG" mongo_record_name="SAMPLE_BLACKBOARD_SIMIZU"/>
            <Action ID="MongoValueWriter" input_value="false" mongo_param_name="SENSING_CHECK_MOUND_FLG" mongo_record_name="SAMPLE_BLACKBOARD_SIMIZU"/>
            <ForceSuccess>
                <KeepRunningUntilFailure>
                    <Parallel failure_threshold="1" success_threshold="-1">
                        <Action ID="BlackboardValueReaderMongo" mongo_param_name="CONTINUE_FLG" mongo_record_name="SAMPLE_BLACKBOARD_SIMIZU" output_port="CONTINUE_FLG"/>
                        <IfThenElse>
                            <Action ID="ConditionalExpressionBool" conditional_expression_bool="CONTINUE_FLG == true"/>
                            <Sequence>
                                <Action ID="LeafNodeIc120" model_name="ic120" name="leaf_node_ic120" record_name="LOAD_POINT" subtask_name="st_ic120_follow_waypoints"/>
                                <Action ID="MongoValueWriter" input_value="true" mongo_param_name="ARRIVAL_FLG" mongo_record_name="SAMPLE_BLACKBOARD_SIMIZU"/>
                                <ForceSuccess>
                                    <KeepRunningUntilFailure>
                                        <Parallel failure_threshold="1" success_threshold="-1">
                                            <Action ID="BlackboardValueReaderMongo" mongo_param_name="MOVING_FLG" mongo_record_name="SAMPLE_BLACKBOARD_SIMIZU" output_port="MOVING_FLG"/>
                                            <IfThenElse>
                                                <Action ID="ConditionalExpressionBool" conditional_expression_bool="MOVING_FLG == true"/>
                                                <KeepRunningUntilFailure>
                                                    <Parallel failure_threshold="1" success_threshold="-1">
                                                        <Action ID="BlackboardValueReaderMongo" mongo_param_name="SENSING_LOADED_FLG" mongo_record_name="SAMPLE_BLACKBOARD_SIMIZU" output_port="SENSING_LOADED_FLG"/>
                                                        <IfThenElse>
                                                            <Action ID="ConditionalExpressionBool" conditional_expression_bool="SENSING_LOADED_FLG == true"/>
                                                            <Sequence>
                                                                <Action ID="MongoValueWriter" input_value="false" mongo_param_name="ARRIVAL_FLG" mongo_record_name="SAMPLE_BLACKBOARD_SIMIZU"/>
                                                                <Action ID="LeafNodeIc120" model_name="ic120" name="leaf_node_ic120" record_name="RELEASE_PATH" subtask_name="st_ic120_follow_waypoints"/>
                                                                <Action ID="LeafNodeIc120" model_name="ic120" record_name="release_angle_1" subtask_name="st_ic120_release_soil"/>
                                                                <Action ID="LeafNodeIc120" model_name="ic120" record_name="release_angle_2" subtask_name="st_ic120_release_soil"/>
                                                                <Action ID="MongoValueWriter" input_value="false" mongo_param_name="SENSING_LOADED_FLG" mongo_record_name="SAMPLE_BLACKBOARD_SIMIZU"/>
                                                                <Action ID="LeafNodeIc120" model_name="ic120" name="leaf_node_ic120" record_name="LOAD_PATH" subtask_name="st_ic120_follow_waypoints"/>
                                                                <Action ID="LeafNodeIc120" model_name="ic120" name="leaf_node_ic120" record_name="LOAD_POINT" subtask_name="st_ic120_follow_waypoints"/>
                                                                <AlwaysFailure/>
                                                            </Sequence>
                                                            <KeepRunningUntilFailure>
                                                                <Parallel failure_threshold="1" success_threshold="-1">
                                                                    <Action ID="BlackboardValueReaderMongo" mongo_param_name="SENSING_CHECK_MOUND_FLG" mongo_record_name="SAMPLE_BLACKBOARD_SIMIZU" output_port="SENSING_CHECK_MOUND_FLG"/>
                                                                    <IfThenElse>
                                                                        <Action ID="ConditionalExpressionBool" conditional_expression_bool="SENSING_CHECK_MOUND_FLG == true"/>
                                                                        <Sequence>
                                                                            <Action ID="MongoValueWriter" input_value="false" mongo_param_name="ARRIVAL_FLG" mongo_record_name="SAMPLE_BLACKBOARD_SIMIZU"/>
                                                                            <Action ID="LeafNodeIc120" model_name="ic120" name="leaf_node_ic120" record_name="RELEASE_PATH" subtask_name="st_ic120_follow_waypoints"/>
                                                                            <Action ID="LeafNodeIc120" model_name="ic120" record_name="release_angle_1" subtask_name="st_ic120_release_soil"/>
                                                                            <Action ID="LeafNodeIc120" model_name="ic120" record_name="release_angle_2" subtask_name="st_ic120_release_soil"/>
                                                                            <Action ID="MongoValueWriter" input_value="false" mongo_param_name="SENSING_LOADED_FLG" mongo_record_name="SAMPLE_BLACKBOARD_SIMIZU"/>
                                                                            <Action ID="LeafNodeIc120" model_name="ic120" name="leaf_node_ic120" record_name="LOAD_PATH" subtask_name="st_ic120_follow_waypoints"/>
                                                                            <Action ID="LeafNodeIc120" model_name="ic120" name="leaf_node_ic120" record_name="LOAD_POINT" subtask_name="st_ic120_follow_waypoints"/>
                                                                            <AlwaysFailure/>
                                                                        </Sequence>
                                                                        <AlwaysFailure/>
                                                                    </IfThenElse>
                                                                </Parallel>
                                                            </KeepRunningUntilFailure>
                                                        </IfThenElse>
                                                    </Parallel>
                                                </KeepRunningUntilFailure>
                                                <AlwaysSuccess/>
                                            </IfThenElse>
                                        </Parallel>
                                    </KeepRunningUntilFailure>
                                </ForceSuccess>
                            </Sequence>
                            <AlwaysFailure/>
                        </IfThenElse>
                    </Parallel>
                </KeepRunningUntilFailure>
            </ForceSuccess>
        </Sequence>
    </BehaviorTree>
    <!-- ////////// -->
    <TreeNodesModel>
        <Action ID="BlackboardValueChecker">
            <inout_port name="key"/>
        </Action>
        <Action ID="BlackboardValueReaderMongo">
            <input_port name="mongo_param_name" type="std::string"/>
            <input_port name="mongo_record_name" type="std::string"/>
            <input_port name="output_port" type="std::string"/>
        </Action>
        <Action ID="BlackboardValueWriterSrv">
            <inout_port name="output_key"/>
            <inout_port name="value"/>
        </Action>
        <Action ID="BlackboardValueWriterTopic">
            <inout_port name="output_key"/>
            <inout_port name="value"/>
        </Action>
        <Action ID="ConditionalExpression">
            <input_port name="conditional_expression"/>
        </Action>
        <Action ID="ConditionalExpressionBool">
            <input_port name="conditional_expression_bool" type="std::string"/>
        </Action>
        <Action ID="LeafNodeIc120">
            <input_port name="model_name" type="float"/>
            <input_port name="record_name" type="float"/>
            <input_port name="subtask_name" type="float"/>
        </Action>
        <Action ID="LeafNodeSampleZx120">
            <input_port default="zx120" name=" model_name"/>
            <inout_port name="record_name"/>
            <inout_port name="subtask_name"/>
        </Action>
        <Action ID="LeafNodeSampleZx200">
            <input_port default="zx200" name=" model_name"/>
            <inout_port name="record_name"/>
            <inout_port name="subtask_name"/>
        </Action>
        <Action ID="LeafNodeZx200">
            <input_port default="zx200" name=" model_name"/>
            <inout_port name="record_name"/>
            <inout_port name="subtask_name"/>
        </Action>
        <Action ID="MongoValueWriter">
            <input_port name="input_value" type="std::string"/>
            <input_port name="mongo_param_name" type="std::string"/>
            <input_port name="mongo_record_name" type="std::string"/>
        </Action>
    </TreeNodesModel>
    <!-- ////////// -->
</root>
