[{
  "_id": {
    "$oid": "6486f8e493390cf24f206fd3"
  },
  "id": 1001,
  "model_name": "zx120",
  "name": "subtask_change_pose",
  "type": "subtask",
  "note": "",
  "obstacle_position": "",
  "target_pose": ""
},
{
  "_id": {
    "$oid": "6486f9a793390cf24f206fd4"
  },
  "id": 1002,
  "model_name": "zx120",
  "name": "subtask_swing",
  "type": "subtask",
  "note": "",
  "swing_vel": "",
  "target_swinggear_position": ""
},
{
  "_id": {
    "$oid": "6486fa9793390cf24f206fd7"
  },
  "id": 1003,
  "model_name": "zx120",
  "name": "subtask_excavation",
  "type": "subtask",
  "note": "",
  "target_bucket_position": ""
},
{
  "_id": {
    "$oid": "6486fb8493390cf24f206fd9"
  },
  "id": 1004,
  "model_name": "zx120",
  "name": "subtask_soil_release",
  "type": "subtask",
  "note": "",
  "target_bucket_position": ""
},
{
  "_id": {
    "$oid": "6486fc4f93390cf24f206fda"
  },
  "id": 1005,
  "model_name": "zx120",
  "name": "subtask_forward_operation",
  "type": "subtask",
  "note": "",
  "move_vel": "",
  "target_backhoe_position": ""
},
{
  "_id": {
    "$oid": "6486fcb793390cf24f206fdc"
  },
  "id": 1006,
  "model_name": "zx120",
  "name": "subtask_backward_operation",
  "type": "subtask",
  "note": "",
  "move_vel": "",
  "target_backhoe_position": ""
},
{
  "_id": {
    "$oid": "6486fd2293390cf24f206fdd"
  },
  "id": 1007,
  "model_name": "zx120",
  "name": "subtask_grading",
  "type": "subtask",
  "note": ""
},
{
  "_id": {
    "$oid": "6486fd8f93390cf24f206fde"
  },
  "id": 1008,
  "model_name": "zx120",
  "name": "subtask_ditching",
  "type": "subtask",
  "note": ""
},
{
  "_id": {
    "$oid": "6487cf9aa7208a59841c94ac"
  },
  "id": 9001,
  "name": "control_zx120",
  "type": "task",
  "etcdata": "8002${\"swing_joint\":(zx120_boom.position.swing_joint)}",
  "note": "",
  "require_tag": [
    [
      "zx120"
    ]
  ],
  "tag": [],
  "announce": "Control zx120!!"
},
{
  "_id": {
    "$oid": "6487d146a7208a59841c94b0"
  },
  "id": 8003,
  "name": "subtask_zx120_arm_sample",
  "type": "subtask",
  "note": ""
},
{
  "_id": {
    "$oid": "6487d177a7208a59841c94b1"
  },
  "id": 8004,
  "name": "subtask_zx120_bucket_sample",
  "type": "subtask",
  "note": ""
},
{
  "_id": {
    "$oid": "648eb1ad93390cf24f206ffe"
  },
  "id": 8005,
  "name": "subtask_ic120_crawler_sample",
  "type": "subtask",
  "note": ""
},
{
  "_id": {
    "$oid": "64a7851662ede05b33540519"
  },
  "id": 10001,
  "name": "zx120_boom_joint_pos",
  "type": "zx120_boom",
  "call_name": [
    "zx120"
  ],
  "position": {
    "swing_joint": [
      0,
      90
    ],
    "boom_joint": [
      10,
      -35
    ],
    "arm_joint": [
      0,
      0
    ],
    "bucket_joint": [
      0,
      0
    ]
  },
  "target_position": {
    "swing_joint": 0,
    "boom_joint": 10,
    "arm_joint": 0,
    "bucket_joint": 0
  }
}]