[{
  "_id": {
    "$oid": "59142442ee5a8a2c8f870a6b"
  },
  "time": "0000-00-00 00:00:00.000000",
  "id": 1001,
  "name": "person_1_oculus",
  "type": "person",
  "x": 7.3,
  "y": 5.6,
  "z": 1.1,
  "rr": 0,
  "rp": 0,
  "ry": 3.14159265,
  "offset_x": 0,
  "offset_y": 0,
  "offset_z": 0,
  "joint": "",
  "weight": 0,
  "rfid": "",
  "etcdata": "",
  "place": 5002,
  "extfile": "",
  "sensor": 3005,
  "probability": 0,
  "state": 1,
  "task": "",
  "note": "",
  "tag": ""
},
{
  "_id": {
    "$oid": "59142442ee5a8a2c8f870a6c"
  },
  "weight": 0,
  "tag": "",
  "id": 1001,
  "rp": 0.5203694834228141,
  "probability": 0,
  "rr": 0.9648153032668358,
  "ry": 1.158791679960077,
  "note": "",
  "state": 1,
  "offset_x": 0,
  "offset_y": 0,
  "offset_z": 0,
  "announce": "",
  "sensor": 3001,
  "extfile": "",
  "rfid": "",
  "joint": "",
  "etcdata": "",
  "task": "",
  "name": "person_1_oculus",
  "type": "",
  "place": 5001,
  "time": "2017-12-01T15:10:01.874842",
  "y": 3.344009456147028,
  "x": 5.606726166424503,
  "z": 1.347251036893163
},
{
  "_id": {
    "$oid": "59142442ee5a8a2c8f870a6d"
  },
  "time": "2017-04-19T17:14:10.715968",
  "id": 1002,
  "name": "person_2_moverio",
  "type": "",
  "x": 9.369539529007554,
  "y": 3.279222379296276,
  "z": 0.4269604532853392,
  "rr": -0.03511042657136169,
  "rp": 0.09019564638499596,
  "ry": 0.07874931320932656,
  "offset_x": 0,
  "offset_y": 0,
  "offset_z": 0,
  "joint": "",
  "weight": 0,
  "rfid": "",
  "etcdata": "",
  "place": 5001,
  "extfile": "",
  "sensor": 3001,
  "probability": 0,
  "state": 1,
  "task": "",
  "note": "",
  "tag": ""
},
{
  "_id": {
    "$oid": "59142442ee5a8a2c8f870a6e"
  },
  "weight": 0,
  "tag": "",
  "id": 1100,
  "rp": -0.000297440195142107,
  "probability": 0,
  "rr": -0.0140779905423623,
  "ry": 0.383648998531709,
  "note": "",
  "state": 1,
  "offset_x": 0,
  "offset_y": 0,
  "offset_z": 0,
  "announce": "",
  "sensor": 0,
  "extfile": "",
  "rfid": "",
  "joint": "",
  "etcdata": "",
  "task": "",
  "name": "person_pozyx1",
  "type": "",
  "place": 5001,
  "time": "2018-02-07T04:43:06.764542",
  "y": 2.12337566892514,
  "x": 7.083585923641,
  "z": 1.0998909487465
},
{
  "_id": {
    "$oid": "59142442ee5a8a2c8f870a6f"
  },
  "id": 2001,
  "name": "smartpal4",
  "type": "robot",
  "offset_x": 0,
  "offset_y": 0,
  "offset_z": 0,
  "weight": 0,
  "rfid": "",
  "etcdata": "",
  "place": 5002,
  "note": "",
  "tag": ""
},
{
  "_id": {
    "$oid": "59142442ee5a8a2c8f870a70"
  },
  "id": 2002,
  "name": "smartpal5_1",
  "type": "robot",
  "offset_x": 0,
  "offset_y": 0,
  "offset_z": 0,
  "weight": 0,
  "rfid": "",
  "etcdata": "smartpal5_1;5,1,-1.57079633",
  "place": 5002,
  "note": "",
  "tag": ""
},
{
  "_id": {
    "$oid": "59142442ee5a8a2c8f870a71"
  },
  "id": 2003,
  "name": "smartpal5_2",
  "type": "robot",
  "offset_x": 0,
  "offset_y": 0,
  "offset_z": 0,
  "weight": 0,
  "rfid": "",
  "etcdata": "",
  "place": 5002,
  "note": "",
  "tag": "「スマートパル」「スマート」「パル」;pal",
  "announce": "スマートパル"
},
{
  "_id": {
    "$oid": "59142442ee5a8a2c8f870a72"
  },
  "id": 2004,
  "name": "turtlebot2",
  "type": "robot",
  "offset_x": 0,
  "offset_y": 0,
  "offset_z": 0,
  "weight": 0,
  "rfid": "",
  "etcdata": "",
  "place": 5002,
  "note": "",
  "tag": ""
},
{
  "_id": {
    "$oid": "59142442ee5a8a2c8f870a73"
  },
  "id": 2005,
  "name": "kobuki",
  "type": "robot",
  "offset_x": 0,
  "offset_y": 0,
  "offset_z": 0.067,
  "weight": 0,
  "rfid": "",
  "etcdata": "kobuki;4.5,0.7,0",
  "place": 5002,
  "note": "",
  "tag": ""
},
{
  "_id": {
    "$oid": "59142442ee5a8a2c8f870a74"
  },
  "id": 2006,
  "name": "kxp",
  "type": "robot",
  "offset_x": 0,
  "offset_y": 0,
  "offset_z": 0.18,
  "weight": 0,
  "rfid": "",
  "etcdata": "",
  "place": 5002,
  "note": "",
  "tag": ""
},
{
  "_id": {
    "$oid": "59142442ee5a8a2c8f870a75"
  },
  "id": 2007,
  "name": "wheelchair",
  "type": "robot",
  "offset_x": 0,
  "offset_y": 0,
  "offset_z": 0,
  "weight": 0,
  "rfid": "",
  "etcdata": "",
  "place": 5001,
  "note": "",
  "tag": "「車いす」「車椅子」",
  "announce": "車いす"
},
{
  "_id": {
    "$oid": "59142442ee5a8a2c8f870a76"
  },
  "id": 2008,
  "name": "ardrone",
  "type": "robot",
  "offset_x": 0,
  "offset_y": 0,
  "offset_z": 0,
  "weight": 0,
  "rfid": "",
  "etcdata": "",
  "place": 5001,
  "note": "",
  "tag": ""
},
{
  "_id": {
    "$oid": "59142442ee5a8a2c8f870a77"
  },
  "id": 2009,
  "name": "refrigerator",
  "type": "robot",
  "offset_x": 0.2375,
  "offset_y": 0.28022,
  "offset_z": 0.56,
  "weight": 0,
  "rfid": "",
  "etcdata": "smartpal5_2;7.3,5.0,1.57079;wheelchair;7.3,5.0,1.57079",
  "place": 5002,
  "note": "",
  "tag": "「冷蔵庫」",
  "announce": "冷蔵庫"
},
{
  "_id": {
    "$oid": "59142442ee5a8a2c8f870a78"
  },
  "weight": 0,
  "tag": "",
  "id": 2010,
  "rp": -0.4333064707577106,
  "probability": 0,
  "rr": 2.853460699199629,
  "ry": -2.19259716050097,
  "note": "",
  "state": 1,
  "offset_x": 0,
  "offset_y": 0,
  "offset_z": 0,
  "announce": "",
  "sensor": 3001,
  "extfile": "",
  "rfid": "",
  "joint": "",
  "etcdata": "",
  "task": "",
  "name": "wheelchair_blue",
  "type": "",
  "place": 5001,
  "time": "2017-12-01T14:57:58.068684",
  "y": 3.738026238469007,
  "x": 5.960074595296539,
  "z": 1.959533554828221
},
{
  "_id": {
    "$oid": "59142442ee5a8a2c8f870a79"
  },
  "id": 2011,
  "name": "kxp2",
  "type": "robot",
  "offset_x": 0,
  "offset_y": 0,
  "offset_z": 0,
  "weight": 0,
  "rfid": "",
  "etcdata": "",
  "place": 5002,
  "note": "",
  "tag": ""
},
{
  "_id": {
    "$oid": "59142442ee5a8a2c8f870a7a"
  },
  "time": "2016-07-13T15:54:46.923286",
  "id": 3020,
  "name": "nursingcare_bed",
  "type": "sensor",
  "x": 0,
  "y": 0,
  "z": 0,
  "rr": 0,
  "rp": 0,
  "ry": 0,
  "offset_x": 0,
  "offset_y": 0,
  "offset_z": 0,
  "joint": "",
  "weight": 0,
  "rfid": "",
  "etcdata": "",
  "place": 5001,
  "extfile": "",
  "sensor": 3020,
  "probability": 0,
  "state": 0,
  "task": "",
  "note": "{\"sleepstate\": \"state_wake\"}",
  "tag": ""
},
{
  "_id": {
    "$oid": "59142442ee5a8a2c8f870a7b"
  },
  "id": 6001,
  "name": "wardrobe",
  "type": "furniture",
  "offset_x": 0,
  "offset_y": 0,
  "offset_z": 1.3,
  "weight": 0,
  "rfid": "",
  "etcdata": "",
  "place": 5002,
  "note": "",
  "tag": ""
},
{
  "_id": {
    "$oid": "59142442ee5a8a2c8f870a7c"
  },
  "id": 6002,
  "name": "workdesk",
  "type": "furniture",
  "offset_x": 0,
  "offset_y": 0,
  "offset_z": 1.3,
  "weight": 0,
  "rfid": "",
  "etcdata": "smartpal5_2;11.7,5.1,1.57079633",
  "place": 5002,
  "note": "0;11.5,5.65,0.86",
  "tag": ""
},
{
  "_id": {
    "$oid": "59142442ee5a8a2c8f870a7d"
  },
  "id": 6003,
  "name": "drawer",
  "type": "furniture",
  "offset_x": 0,
  "offset_y": 0,
  "offset_z": 0.303,
  "weight": 0,
  "rfid": "",
  "etcdata": "kxp;6.7,1.9,1.57079633",
  "place": 5002,
  "note": "",
  "tag": ""
},
{
  "_id": {
    "$oid": "59142442ee5a8a2c8f870a7e"
  },
  "id": 6004,
  "name": "chair",
  "type": "furniture",
  "offset_x": 0,
  "offset_y": 0,
  "offset_z": 0.51,
  "weight": 0,
  "rfid": "",
  "etcdata": "",
  "place": 5002,
  "note": "",
  "tag": ""
},
{
  "_id": {
    "$oid": "59142442ee5a8a2c8f870a7f"
  },
  "id": 6005,
  "name": "kitchen",
  "type": "furniture",
  "offset_x": 0,
  "offset_y": 0,
  "offset_z": 0.4855,
  "weight": 0,
  "rfid": "",
  "etcdata": "smartpal5_2;9.5,5.1,1.57079633",
  "place": 6004,
  "note": "0;9.3,5.65,0.81",
  "tag": "「キッチン」",
  "announce": "キッチン"
},
{
  "_id": {
    "$oid": "59142442ee5a8a2c8f870a80"
  },
  "id": 6006,
  "name": "meeting_table",
  "type": "furniture",
  "offset_x": 0,
  "offset_y": 0,
  "offset_z": 0.36,
  "weight": 0,
  "rfid": "",
  "etcdata": "smartpal5_2;6.4,2.4,-2.3562",
  "place": 5002,
  "note": "0;6.1,1.9,0.73",
  "tag": "「テーブル」;table",
  "announce": "テーブル"
},
{
  "_id": {
    "$oid": "59142442ee5a8a2c8f870a81"
  },
  "id": 6007,
  "name": "meeting_chair1",
  "type": "furniture",
  "offset_x": 0,
  "offset_y": 0,
  "offset_z": 0.3978,
  "weight": 0,
  "rfid": "",
  "etcdata": "",
  "place": 5002,
  "note": "",
  "tag": ""
},
{
  "_id": {
    "$oid": "59142442ee5a8a2c8f870a82"
  },
  "id": 6008,
  "name": "meeting_chair2",
  "type": "furniture",
  "offset_x": 0,
  "offset_y": 0,
  "offset_z": 0.3978,
  "weight": 0,
  "rfid": "",
  "etcdata": "",
  "place": 5002,
  "note": "",
  "tag": ""
},
{
  "_id": {
    "$oid": "59142442ee5a8a2c8f870a83"
  },
  "id": 6009,
  "name": "meeting_chair3",
  "type": "furniture",
  "offset_x": 0,
  "offset_y": 0,
  "offset_z": 0.3978,
  "weight": 0,
  "rfid": "",
  "etcdata": "",
  "place": 5002,
  "note": "",
  "tag": ""
},
{
  "_id": {
    "$oid": "59142442ee5a8a2c8f870a84"
  },
  "id": 6010,
  "name": "meeting_chair4",
  "type": "furniture",
  "offset_x": 0,
  "offset_y": 0,
  "offset_z": 0.3978,
  "weight": 0,
  "rfid": "",
  "etcdata": "",
  "place": 5002,
  "note": "",
  "tag": ""
},
{
  "_id": {
    "$oid": "59142442ee5a8a2c8f870a85"
  },
  "id": 6011,
  "name": "partition",
  "type": "furniture",
  "offset_x": 0,
  "offset_y": 0,
  "offset_z": 1.28,
  "weight": 0,
  "rfid": "",
  "etcdata": "",
  "place": 5002,
  "note": "",
  "tag": ""
},
{
  "_id": {
    "$oid": "59142442ee5a8a2c8f870a86"
  },
  "id": 6012,
  "name": "tv_table",
  "type": "furniture",
  "offset_x": 0,
  "offset_y": 0,
  "offset_z": 0.175,
  "weight": 0,
  "rfid": "",
  "etcdata": "",
  "place": 5002,
  "note": "",
  "tag": ""
},
{
  "_id": {
    "$oid": "59142442ee5a8a2c8f870a87"
  },
  "id": 6013,
  "name": "tv_52inch",
  "type": "furniture",
  "offset_x": 0,
  "offset_y": 0,
  "offset_z": 0.3585,
  "weight": 0,
  "rfid": "",
  "etcdata": "",
  "place": 5002,
  "note": "",
  "tag": ""
},
{
  "_id": {
    "$oid": "59142442ee5a8a2c8f870a88"
  },
  "id": 6014,
  "name": "playrecoder",
  "type": "furniture",
  "offset_x": 0,
  "offset_y": 0,
  "offset_z": 0.0305,
  "weight": 0,
  "rfid": "",
  "etcdata": "",
  "place": 5002,
  "note": "",
  "tag": ""
},
{
  "_id": {
    "$oid": "59142442ee5a8a2c8f870a89"
  },
  "id": 6015,
  "name": "sofa",
  "type": "furniture",
  "offset_x": 0,
  "offset_y": 0,
  "offset_z": 0.395,
  "weight": 0,
  "rfid": "",
  "etcdata": "smartpal5_2;9.5,1.1,1.57079633",
  "place": 5002,
  "note": "",
  "tag": ""
},
{
  "_id": {
    "$oid": "59142442ee5a8a2c8f870a8a"
  },
  "id": 6016,
  "name": "sofa_table",
  "type": "furniture",
  "offset_x": 0,
  "offset_y": 0,
  "offset_z": 0.215,
  "weight": 0,
  "rfid": "",
  "etcdata": "",
  "place": 5002,
  "note": "",
  "tag": ""
},
{
  "_id": {
    "$oid": "59142442ee5a8a2c8f870a8b"
  },
  "id": 6017,
  "name": "bed",
  "type": "furniture",
  "offset_x": 0,
  "offset_y": 0,
  "offset_z": 0.2075,
  "weight": 0,
  "rfid": "",
  "etcdata": "smartpal5_2;10.3,3.7,-1.57;wheelchair;9.8,1.55,1.57;double;10.4,1.8,1.57",
  "place": 5002,
  "note": "",
  "tag": "「ベッド」「ペット」",
  "announce": "ベッド"
},
{
  "_id": {
    "$oid": "59142442ee5a8a2c8f870a8c"
  },
  "id": 6018,
  "name": "wagon",
  "type": "furniture",
  "offset_x": 0.305,
  "offset_y": 0.1725,
  "offset_z": 0.35,
  "weight": 0,
  "rfid": "",
  "etcdata": "",
  "place": 5002,
  "note": "",
  "tag": ""
},
{
  "_id": {
    "$oid": "59142442ee5a8a2c8f870a8d"
  },
  "id": 6019,
  "name": "shelf",
  "type": "furniture",
  "offset_x": 0,
  "offset_y": 0,
  "offset_z": 0.445,
  "weight": 0,
  "rfid": "",
  "etcdata": "smartpal5_2;12.3,3.65,3.14159265",
  "place": 5002,
  "note": "",
  "tag": ""
},
{
  "_id": {
    "$oid": "59142442ee5a8a2c8f870a8e"
  },
  "id": 6020,
  "name": "tree",
  "type": "furniture",
  "offset_x": 0.358,
  "offset_y": 0.272,
  "offset_z": 0.872,
  "weight": 0,
  "rfid": "",
  "etcdata": "",
  "place": 5002,
  "note": "",
  "tag": ""
},
{
  "_id": {
    "$oid": "59142442ee5a8a2c8f870a8f"
  },
  "id": 6021,
  "name": "tv_multi",
  "type": "furniture",
  "offset_x": 0,
  "offset_y": 0,
  "offset_z": 0.064,
  "weight": 0,
  "rfid": "",
  "etcdata": "",
  "place": 5002,
  "note": "",
  "tag": ""
},
{
  "_id": {
    "$oid": "59142442ee5a8a2c8f870a90"
  },
  "id": 6022,
  "name": "wall_shelf",
  "type": "furniture",
  "offset_x": 0,
  "offset_y": 0,
  "offset_z": 0.1,
  "weight": 0,
  "rfid": "",
  "etcdata": "",
  "place": 5002,
  "note": "",
  "tag": ""
},
{
  "_id": {
    "$oid": "59142442ee5a8a2c8f870a91"
  },
  "id": 6023,
  "name": "carpet",
  "type": "furniture",
  "offset_x": 0,
  "offset_y": 0,
  "offset_z": 0.01,
  "weight": 0,
  "rfid": "",
  "etcdata": "",
  "place": 5002,
  "note": "",
  "tag": ""
},
{
  "_id": {
    "$oid": "59142442ee5a8a2c8f870a92"
  },
  "weight": 0,
  "tag": "",
  "id": 7001,
  "rp": 0,
  "probability": 1,
  "rr": 0,
  "ry": 0,
  "note": "",
  "state": 1,
  "offset_x": 0.035,
  "offset_y": 0.035,
  "offset_z": 0.07,
  "announce": "",
  "sensor": 3003,
  "extfile": "",
  "rfid": "",
  "joint": "",
  "etcdata": "",
  "task": "",
  "name": "chipstar_red",
  "type": "object",
  "place": 6005,
  "time": "2017-06-21T18:58:14.363735",
  "y": 5.6,
  "x": 9.3,
  "z": 0.82
},
{
  "_id": {
    "$oid": "59142442ee5a8a2c8f870a93"
  },
  "time": "2016-07-12T16:50:26.389571",
  "id": 7002,
  "name": "chipstar_orange",
  "type": "",
  "x": -1,
  "y": -1,
  "z": -1,
  "rr": 0,
  "rp": 0,
  "ry": 0,
  "offset_x": 0,
  "offset_y": 0,
  "offset_z": 0,
  "joint": "",
  "weight": 0,
  "rfid": "",
  "etcdata": "",
  "place": 2009,
  "extfile": "",
  "sensor": 3018,
  "probability": 0,
  "state": 0,
  "task": "",
  "note": "",
  "tag": "E00401004E180E50"
},
{
  "_id": {
    "$oid": "59142442ee5a8a2c8f870a94"
  },
  "time": "2016-07-12T16:50:26.389571",
  "id": 7003,
  "name": "chipstar_green",
  "type": "",
  "x": -1,
  "y": -1,
  "z": -1,
  "rr": 0,
  "rp": 0,
  "ry": 0,
  "offset_x": 0,
  "offset_y": 0,
  "offset_z": 0,
  "joint": "",
  "weight": 0,
  "rfid": "",
  "etcdata": "",
  "place": 2009,
  "extfile": "",
  "sensor": 3018,
  "probability": 0,
  "state": 0,
  "task": "",
  "note": "",
  "tag": "E00401004E180E58"
},
{
  "_id": {
    "$oid": "59142442ee5a8a2c8f870a95"
  },
  "time": "2016-07-12T16:50:26.389571",
  "id": 7004,
  "name": "greentea_bottle",
  "type": "",
  "x": 7.2,
  "y": 5.65,
  "z": 0.73,
  "rr": 0,
  "rp": 0,
  "ry": 0,
  "offset_x": 0,
  "offset_y": 0,
  "offset_z": 0,
  "joint": "",
  "weight": 21,
  "rfid": "",
  "etcdata": "",
  "place": 2009,
  "extfile": "",
  "sensor": 3018,
  "probability": 0,
  "state": 1,
  "task": "",
  "note": "",
  "tag": "E00401004E180E60"
},
{
  "_id": {
    "$oid": "59142442ee5a8a2c8f870a97"
  },
  "time": "2016-07-12T16:50:26.389571",
  "id": 7005,
  "name": "soukentea_bottle",
  "type": "",
  "x": -1,
  "y": -1,
  "z": -1,
  "rr": 0,
  "rp": 0,
  "ry": 0,
  "offset_x": 0,
  "offset_y": 0,
  "offset_z": 0,
  "joint": "",
  "weight": 0,
  "rfid": "",
  "etcdata": "",
  "place": 2009,
  "extfile": "",
  "sensor": 3018,
  "probability": 0,
  "state": 0,
  "task": "",
  "note": "",
  "tag": "E00401004E180E68"
},
{
  "_id": {
    "$oid": "59142442ee5a8a2c8f870a98"
  },
  "time": "0000-00-00 00:00:00.000000",
  "id": 7005,
  "name": "soukentea_bottle",
  "type": "object",
  "x": 0,
  "y": 0,
  "z": 0,
  "rr": 0,
  "rp": 0,
  "ry": 0,
  "offset_x": 0.033,
  "offset_y": 0.033,
  "offset_z": 0.081,
  "joint": "",
  "weight": 0,
  "rfid": "E00401004E180E68",
  "etcdata": "",
  "place": 6005,
  "extfile": "",
  "sensor": 0,
  "probability": 0,
  "state": 0,
  "task": "",
  "note": "",
  "tag": "drink;tea;water"
},
{
  "_id": {
    "$oid": "59142442ee5a8a2c8f870a99"
  },
  "time": "2016-07-12T16:50:26.389571",
  "id": 7006,
  "name": "cancoffee",
  "type": "",
  "x": -1,
  "y": -1,
  "z": -1,
  "rr": 0,
  "rp": 0,
  "ry": 0,
  "offset_x": 0,
  "offset_y": 0,
  "offset_z": 0,
  "joint": "",
  "weight": 0,
  "rfid": "",
  "etcdata": "",
  "place": 2009,
  "extfile": "",
  "sensor": 3018,
  "probability": 0,
  "state": 0,
  "task": "",
  "note": "",
  "tag": "E00401004E180EA0"
},
{
  "_id": {
    "$oid": "59142442ee5a8a2c8f870a9a"
  },
  "time": "2016-07-12T16:50:26.389571",
  "id": 7007,
  "name": "seasoner_bottle",
  "type": "",
  "x": -1,
  "y": -1,
  "z": -1,
  "rr": 0,
  "rp": 0,
  "ry": 0,
  "offset_x": 0,
  "offset_y": 0,
  "offset_z": 0,
  "joint": "",
  "weight": 0,
  "rfid": "",
  "etcdata": "",
  "place": 2009,
  "extfile": "",
  "sensor": 3018,
  "probability": 0,
  "state": 0,
  "task": "",
  "note": "",
  "tag": "E00401004E180EA8"
},
{
  "_id": {
    "$oid": "59142442ee5a8a2c8f870a9b"
  },
  "time": "2016-07-12T16:50:26.389571",
  "id": 7008,
  "name": "dispenser",
  "type": "",
  "x": -1,
  "y": -1,
  "z": -1,
  "rr": 0,
  "rp": 0,
  "ry": 0,
  "offset_x": 0,
  "offset_y": 0,
  "offset_z": 0,
  "joint": "",
  "weight": 0,
  "rfid": "",
  "etcdata": "",
  "place": 2009,
  "extfile": "",
  "sensor": 3018,
  "probability": 0,
  "state": 0,
  "task": "",
  "note": "",
  "tag": "E00401004E181C88"
},
{
  "_id": {
    "$oid": "59142442ee5a8a2c8f870a9c"
  },
  "time": "2016-07-12T16:50:26.389571",
  "id": 7009,
  "name": "soysauce_bottle_black",
  "type": "",
  "x": -1,
  "y": -1,
  "z": -1,
  "rr": 0,
  "rp": 0,
  "ry": 0,
  "offset_x": 0,
  "offset_y": 0,
  "offset_z": 0,
  "joint": "",
  "weight": 0,
  "rfid": "",
  "etcdata": "",
  "place": 2009,
  "extfile": "",
  "sensor": 3018,
  "probability": 0,
  "state": 0,
  "task": "",
  "note": "",
  "tag": "E00401004E181C87"
},
{
  "_id": {
    "$oid": "59142442ee5a8a2c8f870a9d"
  },
  "time": "2016-07-12T16:50:26.389571",
  "id": 7010,
  "name": "soysauce_bottle_blue",
  "type": "",
  "x": -1,
  "y": -1,
  "z": -1,
  "rr": 0,
  "rp": 0,
  "ry": 0,
  "offset_x": 0,
  "offset_y": 0,
  "offset_z": 0,
  "joint": "",
  "weight": 0,
  "rfid": "",
  "etcdata": "",
  "place": 2009,
  "extfile": "",
  "sensor": 3018,
  "probability": 0,
  "state": 0,
  "task": "",
  "note": "",
  "tag": "E00401004E181C7F"
},
{
  "_id": {
    "$oid": "59142442ee5a8a2c8f870a9e"
  },
  "time": "2016-07-12T16:50:26.389571",
  "id": 7011,
  "name": "soysauce_bottle_white",
  "type": "",
  "x": -1,
  "y": -1,
  "z": -1,
  "rr": 0,
  "rp": 0,
  "ry": 0,
  "offset_x": 0,
  "offset_y": 0,
  "offset_z": 0,
  "joint": "",
  "weight": 0,
  "rfid": "",
  "etcdata": "",
  "place": 2009,
  "extfile": "",
  "sensor": 3018,
  "probability": 0,
  "state": 0,
  "task": "",
  "note": "",
  "tag": "E00401004E181C77"
},
{
  "_id": {
    "$oid": "59142442ee5a8a2c8f870a9f"
  },
  "time": "2016-07-12T16:50:26.389571",
  "id": 7012,
  "name": "pepper_bottle_black",
  "type": "",
  "x": -1,
  "y": -1,
  "z": -1,
  "rr": 0,
  "rp": 0,
  "ry": 0,
  "offset_x": 0,
  "offset_y": 0,
  "offset_z": 0,
  "joint": "",
  "weight": 0,
  "rfid": "",
  "etcdata": "",
  "place": 2009,
  "extfile": "",
  "sensor": 3018,
  "probability": 0,
  "state": 0,
  "task": "",
  "note": "",
  "tag": "E00401004E181C3F"
},
{
  "_id": {
    "$oid": "59142442ee5a8a2c8f870aa0"
  },
  "time": "2016-07-12T16:50:26.389571",
  "id": 7013,
  "name": "pepper_bottle_red",
  "type": "",
  "x": -1,
  "y": -1,
  "z": -1,
  "rr": 0,
  "rp": 0,
  "ry": 0,
  "offset_x": 0,
  "offset_y": 0,
  "offset_z": 0,
  "joint": "",
  "weight": 0,
  "rfid": "",
  "etcdata": "",
  "place": 2009,
  "extfile": "",
  "sensor": 3018,
  "probability": 0,
  "state": 0,
  "task": "",
  "note": "",
  "tag": "E00401004E181C37"
},
{
  "_id": {
    "$oid": "59142442ee5a8a2c8f870aa1"
  },
  "time": "2016-07-12T16:50:26.389571",
  "id": 7014,
  "name": "sake_bottle",
  "type": "",
  "x": -1,
  "y": -1,
  "z": -1,
  "rr": 0,
  "rp": 0,
  "ry": 0,
  "offset_x": 0,
  "offset_y": 0,
  "offset_z": 0,
  "joint": "",
  "weight": 0,
  "rfid": "",
  "etcdata": "",
  "place": 2009,
  "extfile": "",
  "sensor": 3018,
  "probability": 0,
  "state": 0,
  "task": "",
  "note": "",
  "tag": "E00401004E180E47"
},
{
  "_id": {
    "$oid": "59142442ee5a8a2c8f870aa2"
  },
  "time": "2016-07-12T16:50:26.389571",
  "id": 7015,
  "name": "teapot",
  "type": "",
  "x": -1,
  "y": -1,
  "z": -1,
  "rr": 0,
  "rp": 0,
  "ry": 0,
  "offset_x": 0,
  "offset_y": 0,
  "offset_z": 0,
  "joint": "",
  "weight": 0,
  "rfid": "",
  "etcdata": "",
  "place": 2009,
  "extfile": "",
  "sensor": 3018,
  "probability": 0,
  "state": 0,
  "task": "",
  "note": "",
  "tag": "E00401004E180E3F"
},
{
  "_id": {
    "$oid": "59142442ee5a8a2c8f870aa3"
  },
  "time": "2016-07-12T16:50:26.389571",
  "id": 7016,
  "name": "chawan",
  "type": "",
  "x": -1,
  "y": -1,
  "z": -1,
  "rr": 0,
  "rp": 0,
  "ry": 0,
  "offset_x": 0,
  "offset_y": 0,
  "offset_z": 0,
  "joint": "",
  "weight": 0,
  "rfid": "",
  "etcdata": "",
  "place": 2009,
  "extfile": "",
  "sensor": 3018,
  "probability": 0,
  "state": 0,
  "task": "",
  "note": "",
  "tag": "E00401004E180E37"
},
{
  "_id": {
    "$oid": "59142442ee5a8a2c8f870aa4"
  },
  "time": "2016-07-12T16:50:26.389571",
  "id": 7017,
  "name": "teacup1",
  "type": "",
  "x": -1,
  "y": -1,
  "z": -1,
  "rr": 0,
  "rp": 0,
  "ry": 0,
  "offset_x": 0,
  "offset_y": 0,
  "offset_z": 0,
  "joint": "",
  "weight": 0,
  "rfid": "",
  "etcdata": "",
  "place": 2009,
  "extfile": "",
  "sensor": 3018,
  "probability": 0,
  "state": 0,
  "task": "",
  "note": "",
  "tag": "E00401004E1805BD"
},
{
  "_id": {
    "$oid": "59142442ee5a8a2c8f870aa5"
  },
  "time": "2016-07-12T16:50:26.389571",
  "id": 7018,
  "name": "teacup2",
  "type": "",
  "x": -1,
  "y": -1,
  "z": -1,
  "rr": 0,
  "rp": 0,
  "ry": 0,
  "offset_x": 0,
  "offset_y": 0,
  "offset_z": 0,
  "joint": "",
  "weight": 0,
  "rfid": "",
  "etcdata": "",
  "place": 2009,
  "extfile": "",
  "sensor": 3018,
  "probability": 0,
  "state": 0,
  "task": "",
  "note": "",
  "tag": "E00401004E180585"
},
{
  "_id": {
    "$oid": "59142442ee5a8a2c8f870aa6"
  },
  "time": "2016-07-12T16:50:26.389571",
  "id": 7019,
  "name": "cup1",
  "type": "",
  "x": -1,
  "y": -1,
  "z": -1,
  "rr": 0,
  "rp": 0,
  "ry": 0,
  "offset_x": 0,
  "offset_y": 0,
  "offset_z": 0,
  "joint": "",
  "weight": 0,
  "rfid": "",
  "etcdata": "",
  "place": 2009,
  "extfile": "",
  "sensor": 3018,
  "probability": 0,
  "state": 0,
  "task": "",
  "note": "",
  "tag": "E00401004E18057D"
},
{
  "_id": {
    "$oid": "59142442ee5a8a2c8f870aa7"
  },
  "time": "2016-07-12T16:50:26.389571",
  "id": 7020,
  "name": "cup2",
  "type": "",
  "x": -1,
  "y": -1,
  "z": -1,
  "rr": 0,
  "rp": 0,
  "ry": 0,
  "offset_x": 0,
  "offset_y": 0,
  "offset_z": 0,
  "joint": "",
  "weight": 0,
  "rfid": "",
  "etcdata": "",
  "place": 2009,
  "extfile": "",
  "sensor": 3018,
  "probability": 0,
  "state": 0,
  "task": "",
  "note": "",
  "tag": "E00401004E17EF3F"
},
{
  "_id": {
    "$oid": "59142442ee5a8a2c8f870aa8"
  },
  "time": "2016-07-12T16:50:26.389571",
  "id": 7021,
  "name": "mugcup",
  "type": "",
  "x": -1,
  "y": -1,
  "z": -1,
  "rr": 0,
  "rp": 0,
  "ry": 0,
  "offset_x": 0,
  "offset_y": 0,
  "offset_z": 0,
  "joint": "",
  "weight": 0,
  "rfid": "",
  "etcdata": "",
  "place": 2009,
  "extfile": "",
  "sensor": 3018,
  "probability": 0,
  "state": 0,
  "task": "",
  "note": "",
  "tag": "E00401004E17EF37"
},
{
  "_id": {
    "$oid": "59142442ee5a8a2c8f870aa9"
  },
  "time": "2016-07-12T16:50:26.389571",
  "id": 7022,
  "name": "remote",
  "type": "",
  "x": -1,
  "y": -1,
  "z": -1,
  "rr": 0,
  "rp": 0,
  "ry": 0,
  "offset_x": 0,
  "offset_y": 0,
  "offset_z": 0,
  "joint": "",
  "weight": 0,
  "rfid": "",
  "etcdata": "",
  "place": 2009,
  "extfile": "",
  "sensor": 3018,
  "probability": 0,
  "state": 0,
  "task": "",
  "note": "",
  "tag": "E00401004E17EF2F"
},
{
  "_id": {
    "$oid": "59142442ee5a8a2c8f870aaa"
  },
  "time": "2016-07-12T16:50:26.389571",
  "id": 7023,
  "name": "book_red",
  "type": "",
  "x": -1,
  "y": -1,
  "z": -1,
  "rr": 0,
  "rp": 0,
  "ry": 0,
  "offset_x": 0,
  "offset_y": 0,
  "offset_z": 0,
  "joint": "",
  "weight": 0,
  "rfid": "",
  "etcdata": "",
  "place": 2009,
  "extfile": "",
  "sensor": 3018,
  "probability": 0,
  "state": 0,
  "task": "",
  "note": "",
  "tag": "E00401004E17EF27"
},
{
  "_id": {
    "$oid": "59142442ee5a8a2c8f870aab"
  },
  "time": "2016-07-12T16:50:26.389571",
  "id": 7024,
  "name": "book_blue",
  "type": "",
  "x": -1,
  "y": -1,
  "z": -1,
  "rr": 0,
  "rp": 0,
  "ry": 0,
  "offset_x": 0,
  "offset_y": 0,
  "offset_z": 0,
  "joint": "",
  "weight": 0,
  "rfid": "",
  "etcdata": "",
  "place": 2009,
  "extfile": "",
  "sensor": 3018,
  "probability": 0,
  "state": 0,
  "task": "",
  "note": "",
  "tag": "E00401004E17EEEF"
},
{
  "_id": {
    "$oid": "59142442ee5a8a2c8f870aac"
  },
  "time": "2016-07-12T16:50:26.389571",
  "id": 7025,
  "name": "dish",
  "type": "",
  "x": -1,
  "y": -1,
  "z": -1,
  "rr": 0,
  "rp": 0,
  "ry": 0,
  "offset_x": 0,
  "offset_y": 0,
  "offset_z": 0,
  "joint": "",
  "weight": 0,
  "rfid": "",
  "etcdata": "",
  "place": 2009,
  "extfile": "",
  "sensor": 3018,
  "probability": 0,
  "state": 0,
  "task": "",
  "note": "",
  "tag": "E00401004E17EEE7"
},
{
  "_id": {
    "$oid": "5914249d9f835bb5f626f751"
  },
  "weight": 0,
  "tag": "",
  "id": 2009,
  "rp": 0,
  "probability": 0,
  "rr": 0,
  "ry": 0,
  "note": "",
  "state": 1,
  "offset_x": 0,
  "offset_y": 0,
  "offset_z": 0,
  "announce": "",
  "sensor": 3005,
  "extfile": "",
  "rfid": "",
  "joint": "0",
  "etcdata": "",
  "task": "",
  "name": "refrigerator",
  "type": "",
  "place": 5002,
  "time": "2017-05-11T19:30:12.540018",
  "y": 0,
  "x": 0,
  "z": 0
},
{
  "_id": {
    "$oid": "591d3f511ad6914cb73db8eb"
  },
  "time": "2019-11-20T14:49:19.319422",
  "type": "",
  "id": 3021,
  "name": "whs1_mybeat",
  "x": 0,
  "y": 0,
  "z": 0,
  "rr": -0.0004735859256455232,
  "rp": 0.5292467808318448,
  "ry": 0,
  "offset_x": 0,
  "offset_y": 0,
  "offset_z": 0,
  "joint": "",
  "weight": 0,
  "rfid": "",
  "etcdata": "",
  "place": 5001,
  "extfile": "",
  "sensor": 3021,
  "probability": 0,
  "state": 1,
  "task": "",
  "note": "{\"temp\": 24.0, \"rate\": 76.82458386683739, \"wave\": [545, 288, 557, 503, 590, 488, 580, 497, 510, 508, 580, 617, 496, 552, 542, 473, 509, 465, 557, 414, 496, 578, 569, 547, 556, 539, 547, 564, 489, 566, 518, 493, 545, 521, 578, 493, 598, 522, 589, 506, 597, 424, 605, 525, 571, 518, 542, 547, 552, 578, 536, 611, 641, 562, 486, 552, 448, 577, 478, 504, 472, 567, 552, 597, 630, 529, 601, 614, 606, 464, 544, 588, 556, 553, 553, 522, 571, 421, 536, 530, 550, 510, 635, 533, 639, 492, 627, 468, 628, 499, 596, 617, 348, 605, 378, 471, 348, 533, 418, 524]}",
  "tag": "",
  "announce": ""
},
{
  "_id": {
    "$oid": "5922c54e8fce5a7e4a6f5ae5"
  },
  "id": 2012,
  "name": "double",
  "type": "robot",
  "offset_x": 0,
  "offset_y": 0,
  "offset_z": 0,
  "weight": 0,
  "rfid": "",
  "etcdata": "",
  "place": 5002,
  "note": "",
  "tag": "「ダブル」",
  "announce": "ダブル"
},
{
  "_id": {
    "$oid": "593667045f580055f2175938"
  },
  "weight": 0,
  "tag": "",
  "id": 1003,
  "rp": 0.7273706520126989,
  "probability": 0,
  "rr": -2.012256410664337,
  "ry": 1.505532255968387,
  "note": "",
  "state": 1,
  "offset_x": 0,
  "offset_y": 0,
  "offset_z": 0,
  "announce": "",
  "sensor": 3001,
  "extfile": "",
  "rfid": "",
  "joint": "",
  "etcdata": "",
  "task": "",
  "name": "person_3_oculus(ovrvision pro)",
  "type": "",
  "place": 5001,
  "time": "2017-06-13T18:30:27.345449",
  "y": 5.653237417423623,
  "x": 7.346295936742693,
  "z": 1.109619591095337
},
{
  "_id": {
    "$oid": "59474cad5f580055f217593d"
  },
  "time": "",
  "type": "robot",
  "id": 0,
  "name": "",
  "x": 0,
  "y": 0,
  "z": 0,
  "rr": 0,
  "rp": 0,
  "ry": 0,
  "offset_x": 0,
  "offset_y": 0,
  "offset_z": 0,
  "joint": "",
  "weight": 0,
  "rfid": "",
  "etcdata": "",
  "place": 0,
  "extfile": "",
  "sensor": 0,
  "probability": 0,
  "state": 0,
  "task": "",
  "note": "",
  "tag": "",
  "announce": ""
},
{
  "_id": {
    "$oid": "5d91ea5b1792bdff76ad459f"
  },
  "time": "2020-01-21T11:46:32Z",
  "type": "robot",
  "id": 2012,
  "name": "double",
  "x": 8.515177544431422,
  "y": 2.304657466935446,
  "z": 1.1300135256266157,
  "rr": -1.6945027397452186,
  "rp": -0.7053437631544721,
  "ry": 1.9851374999614042,
  "offset_x": 0,
  "offset_y": 0,
  "offset_z": 0,
  "joint": "",
  "weight": 0,
  "rfid": "",
  "etcdata": "",
  "place": 5002,
  "extfile": "",
  "sensor": 0,
  "probability": 0,
  "state": 1,
  "task": "",
  "note": "",
  "tag": "",
  "announce": ""
},
{
  "_id": {
    "$oid": "5d91ea5b1792bdff76ad45a1"
  },
  "time": "",
  "type": "Hello",
  "id": 2012,
  "name": "double",
  "x": -0.15106912587278218,
  "y": -1.582587590185528,
  "z": 1.2441744729188358,
  "rr": -0.001829197936541874,
  "rp": -0.014089130361421114,
  "ry": 1.4906305697522075,
  "offset_x": 0,
  "offset_y": 0,
  "offset_z": 0,
  "joint": "",
  "weight": 0,
  "rfid": "",
  "etcdata": "",
  "place": 5001,
  "extfile": "",
  "sensor": 0,
  "probability": 0,
  "state": 1,
  "task": "",
  "note": "",
  "tag": "",
  "announce": ""
},
{
  "_id": {
    "$oid": "5d95b58bc05d81482e28c1f4"
  },
  "time": "2020-02-05T07:26:19Z",
  "type": "robot",
  "id": 7030,
  "name": "irvs_marker",
  "x": 4.5446862074645775,
  "y": 2.529937162560951,
  "z": 1.4623908978503608,
  "rr": -0.0016507171837988426,
  "rp": 0.001647827631604466,
  "ry": 1.6115608796489234,
  "offset_x": 0,
  "offset_y": 0,
  "offset_z": 0,
  "joint": "",
  "weight": 0,
  "rfid": "",
  "etcdata": "",
  "place": 5002,
  "extfile": "",
  "sensor": 0,
  "probability": 0,
  "state": 1,
  "task": "",
  "note": "",
  "tag": "",
  "announce": ""
},
{
  "_id": {
    "$oid": "5d95b591c05d81482e28c27d"
  },
  "time": "2020-02-05T07:26:15Z",
  "type": "robot",
  "id": 2003,
  "name": "smartpal5_2",
  "x": 7.008360482136299,
  "y": 3.5042474960752292,
  "z": 1.3307183937056035,
  "rr": -0.011279316701947387,
  "rp": -0.0007530946214829503,
  "ry": -3.1193456049219845,
  "offset_x": 0,
  "offset_y": 0,
  "offset_z": 0,
  "joint": "",
  "weight": 0,
  "rfid": "",
  "etcdata": "",
  "place": 5002,
  "extfile": "",
  "sensor": 0,
  "probability": 0,
  "state": 1,
  "task": "",
  "note": "",
  "tag": "",
  "announce": ""
},
{
  "_id": {
    "$oid": "5d95b599c05d81482e28c3d3"
  },
  "time": "2020-01-21T11:48:54Z",
  "type": "robot",
  "id": 2012,
  "name": "double1",
  "x": 8.000727918754247,
  "y": 2.0296645079105997,
  "z": 0.985116904373164,
  "rr": 0.16820599306046796,
  "rp": -0.0506873055310197,
  "ry": 2.2348954634149165,
  "offset_x": 0,
  "offset_y": 0,
  "offset_z": 0,
  "joint": "",
  "weight": 0,
  "rfid": "",
  "etcdata": "",
  "place": 5002,
  "extfile": "",
  "sensor": 0,
  "probability": 0,
  "state": 1,
  "task": "",
  "note": "",
  "tag": "",
  "announce": ""
},
{
  "_id": {
    "$oid": "5dd7936dd467602db77e1b48"
  },
  "time": "2020-02-05T09:10:39Z",
  "type": "robot",
  "id": 2012,
  "name": "double2",
  "x": 4.543768375676028,
  "y": 2.500641153734282,
  "z": 1.657853642330543,
  "rr": 3.1256786026718064,
  "rp": -0.019319726656347083,
  "ry": -0.394489121609752,
  "offset_x": 0,
  "offset_y": 0,
  "offset_z": 0,
  "joint": "",
  "weight": 0,
  "rfid": "",
  "etcdata": "",
  "place": 5002,
  "extfile": "",
  "sensor": 0,
  "probability": 0,
  "state": 1,
  "task": "",
  "note": "",
  "tag": "",
  "announce": ""
},
{
  "_id": {
    "$oid": "5e2a9caff5cafc3740fb9db1"
  },
  "time": "",
  "type": "",
  "id": 2003,
  "name": "",
  "x": 0.000303691904593014,
  "y": 0.00012281369777940738,
  "z": 0,
  "rr": 0,
  "rp": 0,
  "ry": 0.0010897778557854734,
  "offset_x": 0,
  "offset_y": 0,
  "offset_z": 0,
  "joint": "-0.0360359;0.029842;-0.00322554;-0.074448;2.21857e-05;0.000130737;1.03005e-05;0.0213607;0.00471124;-0.209972;-0.0148642;-0.0700727;-1.10928e-05;7.92345e-06;1.66393e-05;-1.8216e-05;0.000335558;-0.200112",
  "weight": 0,
  "rfid": "",
  "etcdata": "",
  "place": 5002,
  "extfile": "",
  "sensor": 3003,
  "probability": 0,
  "state": 1,
  "task": "",
  "note": "grasping=0",
  "tag": "",
  "announce": ""
},
{
  "_id": {
    "$oid": "5e2aa22ff5cafc3740fba9f2"
  },
  "time": "2020-01-24T07:54:44Z",
  "type": "robot",
  "id": 1005,
  "name": "person_previewed_reality",
  "x": 9.410377536575165,
  "y": 4.33760695959755,
  "z": 0.7883868833687091,
  "rr": 1.5959699741757098,
  "rp": -0.1743672637131716,
  "ry": 1.5340460121626514,
  "offset_x": 0,
  "offset_y": 0,
  "offset_z": 0,
  "joint": "",
  "weight": 0,
  "rfid": "",
  "etcdata": "",
  "place": 5002,
  "extfile": "",
  "sensor": 0,
  "probability": 0,
  "state": 1,
  "task": "",
  "note": "",
  "tag": "",
  "announce": ""
}]