[{
  "_id": {
    "$oid": "652b58e3575ee7418f82d694"
  },
  "model_name": "zx120",
  "type": "parameter",
  "description": "Dynamic parameter for task(task_id: 1)",
  "parameter_id": 2,
  "parameter_type": "dynamic",
  "componet_name": "end_effector",
  "qx": 400,
  "qy": 500,
  "qz": 600,
  "x": 100,
  "y": 0,
  "z": 3,
  "qw": 700
},
{
  "_id": {
    "$oid": "652a5463575ee7418f82d693"
  },
  "model_name": "zx120",
  "type": "parameter",
  "description": "Static parameter for task(task_id: 2)",
  "parameter_id": 1,
  "zx120_boom_goal_pos": -40,
  "parameter_type": "static"
}]