[{
  "_id": {
    "$oid": "6486f8e493390cf24f206fd3"
  },
  "id": 1001,
  "model_name": "zx120",
  "name": "subtask_change_pose",
  "type": "subtask",
  "note": "",
  "obstacle_position": "",
  "target_pose": ""
},
{
  "_id": {
    "$oid": "6486f9a793390cf24f206fd4"
  },
  "id": 1002,
  "model_name": "zx120",
  "name": "subtask_swing",
  "type": "subtask",
  "note": "",
  "swing_vel": "",
  "target_swinggear_position": ""
},
{
  "_id": {
    "$oid": "6486fa9793390cf24f206fd7"
  },
  "id": 1003,
  "model_name": "zx120",
  "name": "subtask_excavation",
  "type": "subtask",
  "note": "",
  "target_bucket_position": ""
},
{
  "_id": {
    "$oid": "6486fb8493390cf24f206fd9"
  },
  "id": 1004,
  "model_name": "zx120",
  "name": "subtask_soil_release",
  "type": "subtask",
  "note": "",
  "target_bucket_position": ""
},
{
  "_id": {
    "$oid": "6486fc4f93390cf24f206fda"
  },
  "id": 1005,
  "model_name": "zx120",
  "name": "subtask_forward_operation",
  "type": "subtask",
  "note": "",
  "move_vel": "",
  "target_backhoe_position": ""
},
{
  "_id": {
    "$oid": "6486fcb793390cf24f206fdc"
  },
  "id": 1006,
  "model_name": "zx120",
  "name": "subtask_backward_operation",
  "type": "subtask",
  "note": "",
  "move_vel": "",
  "target_backhoe_position": ""
},
{
  "_id": {
    "$oid": "6486fd2293390cf24f206fdd"
  },
  "id": 1007,
  "model_name": "zx120",
  "name": "subtask_grading",
  "type": "subtask",
  "note": ""
},
{
  "_id": {
    "$oid": "6486fd8f93390cf24f206fde"
  },
  "id": 1008,
  "model_name": "zx120",
  "name": "subtask_ditching",
  "type": "subtask",
  "note": ""
},
{
  "_id": {
    "$oid": "6487cf9aa7208a59841c94ac"
  },
  "id": 9001,
  "name": "control_zx120",
  "type": "task",
  "etcdata": "8002${\"swing_joint\":(zx120_boom.position.swing_joint)}",
  "note": "",
  "require_tag": [
    [
      "zx120"
    ]
  ],
  "tag": [],
  "announce": "Control zx120!!"
},
{
  "_id": {
    "$oid": "6487d146a7208a59841c94b0"
  },
  "id": 8003,
  "name": "subtask_zx120_arm_sample",
  "type": "subtask",
  "note": ""
},
{
  "_id": {
    "$oid": "6487d177a7208a59841c94b1"
  },
  "id": 8004,
  "name": "subtask_zx120_bucket_sample",
  "type": "subtask",
  "note": ""
},
{
  "_id": {
    "$oid": "648eb1ad93390cf24f206ffe"
  },
  "id": 8005,
  "name": "subtask_ic120_crawler_sample",
  "type": "subtask",
  "note": ""
},
{
  "_id": {
    "$oid": "64a7851662ede05b33540519"
  },
  "id": 10001,
  "name": "zx120_boom_joint_pos",
  "type": "zx120_boom",
  "call_name": [
    "zx120"
  ],
  "position": {
    "swing_joint": [
      0,
      90
    ],
    "boom_joint": [
      10,
      -35
    ],
    "arm_joint": [
      0,
      0
    ],
    "bucket_joint": [
      0,
      0
    ]
  },
  "target_position": {
    "swing_joint": 0,
    "boom_joint": 10,
    "arm_joint": 0,
    "bucket_joint": 0
  }
},
{
  "_id": {
    "$oid": "652a08d0575ee7418f82d681"
  },
  "model_name": "zx120",
  "name": "bt_sample",
  "type": "task",
  "description": "This task is sample task for moving zx120 using behavir tree.",
  "task_id": 1,
  "task_sequence": "<root main_tree_to_execute = \"MainTree\"><BehaviorTree ID=\"MainTree\"><Sequence name=\"root_sequence\"><SubtaskControlZx120Boom   initial_position = \"0\"   goal_position=\"-40\" /><SubtaskControlZx120Swing   initial_position = \"0\"   goal_position=\"90\"/><SubtaskControlZx120Arm   initial_position = \"80\"   goal_position=\"70\"/><SubtaskControlZx120Bucket   initial_position = \"30\"   goal_position=\"20\"/></Sequence></BehaviorTree></root>"
},
{
  "_id": {
    "$oid": "652a517f575ee7418f82d691"
  },
  "model_name": "zx120",
  "name": "bt_sample_with_parameter",
  "type": "task",
  "description": "This task is sample task　wiht parameters for moving zx120 using behavir tree.",
  "task_id": 2,
  "task_sequence": "<root main_tree_to_execute = \"MainTree\"><BehaviorTree ID=\"MainTree\"><Sequence name=\"root_sequence\"><SubtaskControlZx120Boom   initial_position = \"0\"   goal_position=\"$[1:zx120_boom_goal_pos]\" /><SubtaskControlZx120Swing   initial_position = \"0\"   goal_position=\"90\"/><SubtaskControlZx120Arm   initial_position = \"80\"   goal_position=\"70\"/><SubtaskControlZx120Bucket   initial_position = \"30\"   goal_position=\"20\"/></Sequence></BehaviorTree></root>"
},
{
  "_id": {
    "$oid": "652a5463575ee7418f82d693"
  },
  "model_name": "zx120",
  "type": "parameter",
  "description": "Static parameter for task(task_id: 2)",
  "parameter_id": 1,
  "zx120_boom_goal_pos": -40,
  "parameter_type": "static"
},
{
  "_id": {
    "$oid": "652b58e3575ee7418f82d694"
  },
  "model_name": "zx120",
  "type": "parameter",
  "description": "Dynamic parameter for task(task_id: 2)",
  "parameter_id": 2,
  "parameter_type": "dynamic",
  "componet_name": "end_effector",
  "qx": 400,
  "qy": 500,
  "qz": 600,
  "x": 100,
  "y": 0,
  "z": 3,
  "qw": 700
},
{
  "_id": {
    "$oid": "652e73024ad3636af9ee65b7"
  },
  "model_name": "zx120",
  "name": "bt_sample",
  "type": "task",
  "description": "This task is sample task for parallel moving zx120 using behavior tree",
  "task_id": 3,
  "task_sequence": "<root main_tree_to_execute=\"BehaviorTree\"><BehaviorTree ID=\"BehaviorTree\"><Parallel failure_threshold=\"-1\" success_threshold=\"1\"><Sequence><Action ID=\"SubtaskControlZx120Arm\" goal_position=\"-40\" initial_position=\"0\" /><Action ID=\"SubtaskControlZx120Boom\" goal_position=\"90\" initial_position=\"0\" /></Sequence><Sequence><Action ID=\"SubtaskControlZx120Swing\" goal_position=\"70\" initial_position=\"80\" /><Action ID=\"SubtaskControlZx120Bucket\" goal_position=\"20\" initial_position=\"30\" /></Sequence></Parallel></BehaviorTree><TreeNodesModel><Action ID=\"SubtaskControlZx120Arm\"><input_port name=\"goal_position\" /><input_port name=\"initial_position\" /></Action><Action ID=\"SubtaskControlZx120Boom\"><input_port name=\"goal_position\" /><input_port name=\"initial_position\" /></Action><Action ID=\"SubtaskControlZx120Bucket\"><input_port name=\"goal_position\" /><input_port name=\"initial_position\" /></Action><Action ID=\"SubtaskControlZx120Swing\"><input_port name=\"goal_position\" /><input_port name=\"initial_position\" /></Action></TreeNodesModel></root>\n"
}]