[{
  "_id": {
    "$oid": "645b5d3f3ee5a49c61157079"
  },
  "time": "2022-08-30T13:26:11.561022",
  "type": "dynamic",
  "id": 3031,
  "height": 5,
  "width": 15750,
  "is_bigendian": false,
  "point_step": 32,
  "row_step": 504000,
  "fields": [
    "sensor_msgs.msg.PointField(name='x', offset=0, datatype=7, count=1)",
    "sensor_msgs.msg.PointField(name='y', offset=4, datatype=7, count=1)",
    "sensor_msgs.msg.PointField(name='z', offset=8, datatype=7, count=1)",
    "sensor_msgs.msg.PointField(name='intensity', offset=16, datatype=7, count=1)"
  ],
  "is_dense": false,
  "chunkSize": 261120,
  "length": 7002433,
  "uploadDate": {
    "$date": "2023-05-10T09:00:48.693Z"
  }
},
{
  "_id": {
    "$oid": "645b5d403ee5a49c61157095"
  },
  "time": "2022-08-30T13:26:12.260843",
  "type": "dynamic",
  "id": 3031,
  "height": 5,
  "width": 15750,
  "is_bigendian": false,
  "point_step": 32,
  "row_step": 504000,
  "fields": [
    "sensor_msgs.msg.PointField(name='x', offset=0, datatype=7, count=1)",
    "sensor_msgs.msg.PointField(name='y', offset=4, datatype=7, count=1)",
    "sensor_msgs.msg.PointField(name='z', offset=8, datatype=7, count=1)",
    "sensor_msgs.msg.PointField(name='intensity', offset=16, datatype=7, count=1)"
  ],
  "is_dense": false,
  "chunkSize": 261120,
  "length": 7004385,
  "uploadDate": {
    "$date": "2023-05-10T09:00:48.985Z"
  }
},
{
  "_id": {
    "$oid": "645b5d413ee5a49c611570b1"
  },
  "time": "2022-08-30T13:26:12.561189",
  "type": "dynamic",
  "id": 3031,
  "height": 5,
  "width": 15750,
  "is_bigendian": false,
  "point_step": 32,
  "row_step": 504000,
  "fields": [
    "sensor_msgs.msg.PointField(name='x', offset=0, datatype=7, count=1)",
    "sensor_msgs.msg.PointField(name='y', offset=4, datatype=7, count=1)",
    "sensor_msgs.msg.PointField(name='z', offset=8, datatype=7, count=1)",
    "sensor_msgs.msg.PointField(name='intensity', offset=16, datatype=7, count=1)"
  ],
  "is_dense": false,
  "chunkSize": 261120,
  "length": 7004936,
  "uploadDate": {
    "$date": "2023-05-10T09:00:49.274Z"
  }
},
{
  "_id": {
    "$oid": "645b5d413ee5a49c611570cd"
  },
  "time": "2022-08-30T13:26:12.761058",
  "type": "dynamic",
  "id": 3031,
  "height": 5,
  "width": 15750,
  "is_bigendian": false,
  "point_step": 32,
  "row_step": 504000,
  "fields": [
    "sensor_msgs.msg.PointField(name='x', offset=0, datatype=7, count=1)",
    "sensor_msgs.msg.PointField(name='y', offset=4, datatype=7, count=1)",
    "sensor_msgs.msg.PointField(name='z', offset=8, datatype=7, count=1)",
    "sensor_msgs.msg.PointField(name='intensity', offset=16, datatype=7, count=1)"
  ],
  "is_dense": false,
  "chunkSize": 261120,
  "length": 7006210,
  "uploadDate": {
    "$date": "2023-05-10T09:00:49.564Z"
  }
},
{
  "_id": {
    "$oid": "645b5d413ee5a49c611570e9"
  },
  "time": "2022-08-30T13:26:13.061806",
  "type": "dynamic",
  "id": 3031,
  "height": 5,
  "width": 15750,
  "is_bigendian": false,
  "point_step": 32,
  "row_step": 504000,
  "fields": [
    "sensor_msgs.msg.PointField(name='x', offset=0, datatype=7, count=1)",
    "sensor_msgs.msg.PointField(name='y', offset=4, datatype=7, count=1)",
    "sensor_msgs.msg.PointField(name='z', offset=8, datatype=7, count=1)",
    "sensor_msgs.msg.PointField(name='intensity', offset=16, datatype=7, count=1)"
  ],
  "is_dense": false,
  "chunkSize": 261120,
  "length": 7004836,
  "uploadDate": {
    "$date": "2023-05-10T09:00:49.851Z"
  }
},
{
  "_id": {
    "$oid": "645b5d423ee5a49c61157105"
  },
  "time": "2022-08-30T13:26:13.360772",
  "type": "dynamic",
  "id": 3031,
  "height": 5,
  "width": 15750,
  "is_bigendian": false,
  "point_step": 32,
  "row_step": 504000,
  "fields": [
    "sensor_msgs.msg.PointField(name='x', offset=0, datatype=7, count=1)",
    "sensor_msgs.msg.PointField(name='y', offset=4, datatype=7, count=1)",
    "sensor_msgs.msg.PointField(name='z', offset=8, datatype=7, count=1)",
    "sensor_msgs.msg.PointField(name='intensity', offset=16, datatype=7, count=1)"
  ],
  "is_dense": false,
  "chunkSize": 261120,
  "length": 7006897,
  "uploadDate": {
    "$date": "2023-05-10T09:00:50.139Z"
  }
},
{
  "_id": {
    "$oid": "645b5d423ee5a49c61157121"
  },
  "time": "2022-08-30T13:26:13.661060",
  "type": "dynamic",
  "id": 3031,
  "height": 5,
  "width": 15750,
  "is_bigendian": false,
  "point_step": 32,
  "row_step": 504000,
  "fields": [
    "sensor_msgs.msg.PointField(name='x', offset=0, datatype=7, count=1)",
    "sensor_msgs.msg.PointField(name='y', offset=4, datatype=7, count=1)",
    "sensor_msgs.msg.PointField(name='z', offset=8, datatype=7, count=1)",
    "sensor_msgs.msg.PointField(name='intensity', offset=16, datatype=7, count=1)"
  ],
  "is_dense": false,
  "chunkSize": 261120,
  "length": 7006317,
  "uploadDate": {
    "$date": "2023-05-10T09:00:50.426Z"
  }
},
{
  "_id": {
    "$oid": "645b5d423ee5a49c6115713d"
  },
  "time": "2022-08-30T13:26:13.961183",
  "type": "dynamic",
  "id": 3031,
  "height": 5,
  "width": 15750,
  "is_bigendian": false,
  "point_step": 32,
  "row_step": 504000,
  "fields": [
    "sensor_msgs.msg.PointField(name='x', offset=0, datatype=7, count=1)",
    "sensor_msgs.msg.PointField(name='y', offset=4, datatype=7, count=1)",
    "sensor_msgs.msg.PointField(name='z', offset=8, datatype=7, count=1)",
    "sensor_msgs.msg.PointField(name='intensity', offset=16, datatype=7, count=1)"
  ],
  "is_dense": false,
  "chunkSize": 261120,
  "length": 7008442,
  "uploadDate": {
    "$date": "2023-05-10T09:00:50.713Z"
  }
},
{
  "_id": {
    "$oid": "645b5d423ee5a49c61157159"
  },
  "time": "2022-08-30T13:26:14.161041",
  "type": "dynamic",
  "id": 3031,
  "height": 5,
  "width": 15750,
  "is_bigendian": false,
  "point_step": 32,
  "row_step": 504000,
  "fields": [
    "sensor_msgs.msg.PointField(name='x', offset=0, datatype=7, count=1)",
    "sensor_msgs.msg.PointField(name='y', offset=4, datatype=7, count=1)",
    "sensor_msgs.msg.PointField(name='z', offset=8, datatype=7, count=1)",
    "sensor_msgs.msg.PointField(name='intensity', offset=16, datatype=7, count=1)"
  ],
  "is_dense": false,
  "chunkSize": 261120,
  "length": 7007454,
  "uploadDate": {
    "$date": "2023-05-10T09:00:51.000Z"
  }
},
{
  "_id": {
    "$oid": "645b5d433ee5a49c61157175"
  },
  "time": "2022-08-30T13:26:14.260117",
  "type": "dynamic",
  "id": 3031,
  "height": 5,
  "width": 15750,
  "is_bigendian": false,
  "point_step": 32,
  "row_step": 504000,
  "fields": [
    "sensor_msgs.msg.PointField(name='x', offset=0, datatype=7, count=1)",
    "sensor_msgs.msg.PointField(name='y', offset=4, datatype=7, count=1)",
    "sensor_msgs.msg.PointField(name='z', offset=8, datatype=7, count=1)",
    "sensor_msgs.msg.PointField(name='intensity', offset=16, datatype=7, count=1)"
  ],
  "is_dense": false,
  "chunkSize": 261120,
  "length": 7007736,
  "uploadDate": {
    "$date": "2023-05-10T09:00:51.286Z"
  }
},
{
  "_id": {
    "$oid": "645b5d433ee5a49c61157191"
  },
  "time": "2022-08-30T13:26:14.360899",
  "type": "dynamic",
  "id": 3031,
  "height": 5,
  "width": 15750,
  "is_bigendian": false,
  "point_step": 32,
  "row_step": 504000,
  "fields": [
    "sensor_msgs.msg.PointField(name='x', offset=0, datatype=7, count=1)",
    "sensor_msgs.msg.PointField(name='y', offset=4, datatype=7, count=1)",
    "sensor_msgs.msg.PointField(name='z', offset=8, datatype=7, count=1)",
    "sensor_msgs.msg.PointField(name='intensity', offset=16, datatype=7, count=1)"
  ],
  "is_dense": false,
  "chunkSize": 261120,
  "length": 7008864,
  "uploadDate": {
    "$date": "2023-05-10T09:00:51.570Z"
  }
},
{
  "_id": {
    "$oid": "645b5d433ee5a49c611571ad"
  },
  "time": "2022-08-30T13:26:14.461792",
  "type": "dynamic",
  "id": 3031,
  "height": 5,
  "width": 15750,
  "is_bigendian": false,
  "point_step": 32,
  "row_step": 504000,
  "fields": [
    "sensor_msgs.msg.PointField(name='x', offset=0, datatype=7, count=1)",
    "sensor_msgs.msg.PointField(name='y', offset=4, datatype=7, count=1)",
    "sensor_msgs.msg.PointField(name='z', offset=8, datatype=7, count=1)",
    "sensor_msgs.msg.PointField(name='intensity', offset=16, datatype=7, count=1)"
  ],
  "is_dense": false,
  "chunkSize": 261120,
  "length": 7007663,
  "uploadDate": {
    "$date": "2023-05-10T09:00:51.853Z"
  }
},
{
  "_id": {
    "$oid": "645b5d443ee5a49c611571c9"
  },
  "time": "2022-08-30T13:26:14.560880",
  "type": "dynamic",
  "id": 3031,
  "height": 5,
  "width": 15750,
  "is_bigendian": false,
  "point_step": 32,
  "row_step": 504000,
  "fields": [
    "sensor_msgs.msg.PointField(name='x', offset=0, datatype=7, count=1)",
    "sensor_msgs.msg.PointField(name='y', offset=4, datatype=7, count=1)",
    "sensor_msgs.msg.PointField(name='z', offset=8, datatype=7, count=1)",
    "sensor_msgs.msg.PointField(name='intensity', offset=16, datatype=7, count=1)"
  ],
  "is_dense": false,
  "chunkSize": 261120,
  "length": 7008890,
  "uploadDate": {
    "$date": "2023-05-10T09:00:52.135Z"
  }
},
{
  "_id": {
    "$oid": "645b5d443ee5a49c611571e5"
  },
  "time": "2022-08-30T13:26:14.661157",
  "type": "dynamic",
  "id": 3031,
  "height": 5,
  "width": 15750,
  "is_bigendian": false,
  "point_step": 32,
  "row_step": 504000,
  "fields": [
    "sensor_msgs.msg.PointField(name='x', offset=0, datatype=7, count=1)",
    "sensor_msgs.msg.PointField(name='y', offset=4, datatype=7, count=1)",
    "sensor_msgs.msg.PointField(name='z', offset=8, datatype=7, count=1)",
    "sensor_msgs.msg.PointField(name='intensity', offset=16, datatype=7, count=1)"
  ],
  "is_dense": false,
  "chunkSize": 261120,
  "length": 7007602,
  "uploadDate": {
    "$date": "2023-05-10T09:00:52.420Z"
  }
},
{
  "_id": {
    "$oid": "645b5d443ee5a49c61157201"
  },
  "time": "2022-08-30T13:26:14.760936",
  "type": "dynamic",
  "id": 3031,
  "height": 5,
  "width": 15750,
  "is_bigendian": false,
  "point_step": 32,
  "row_step": 504000,
  "fields": [
    "sensor_msgs.msg.PointField(name='x', offset=0, datatype=7, count=1)",
    "sensor_msgs.msg.PointField(name='y', offset=4, datatype=7, count=1)",
    "sensor_msgs.msg.PointField(name='z', offset=8, datatype=7, count=1)",
    "sensor_msgs.msg.PointField(name='intensity', offset=16, datatype=7, count=1)"
  ],
  "is_dense": false,
  "chunkSize": 261120,
  "length": 7008279,
  "uploadDate": {
    "$date": "2023-05-10T09:00:52.706Z"
  }
},
{
  "_id": {
    "$oid": "645b5d443ee5a49c6115721d"
  },
  "time": "2022-08-30T13:26:14.861112",
  "type": "dynamic",
  "id": 3031,
  "height": 5,
  "width": 15750,
  "is_bigendian": false,
  "point_step": 32,
  "row_step": 504000,
  "fields": [
    "sensor_msgs.msg.PointField(name='x', offset=0, datatype=7, count=1)",
    "sensor_msgs.msg.PointField(name='y', offset=4, datatype=7, count=1)",
    "sensor_msgs.msg.PointField(name='z', offset=8, datatype=7, count=1)",
    "sensor_msgs.msg.PointField(name='intensity', offset=16, datatype=7, count=1)"
  ],
  "is_dense": false,
  "chunkSize": 261120,
  "length": 7010257,
  "uploadDate": {
    "$date": "2023-05-10T09:00:52.994Z"
  }
},
{
  "_id": {
    "$oid": "645b5d453ee5a49c61157239"
  },
  "time": "2022-08-30T13:26:14.961936",
  "type": "dynamic",
  "id": 3031,
  "height": 5,
  "width": 15750,
  "is_bigendian": false,
  "point_step": 32,
  "row_step": 504000,
  "fields": [
    "sensor_msgs.msg.PointField(name='x', offset=0, datatype=7, count=1)",
    "sensor_msgs.msg.PointField(name='y', offset=4, datatype=7, count=1)",
    "sensor_msgs.msg.PointField(name='z', offset=8, datatype=7, count=1)",
    "sensor_msgs.msg.PointField(name='intensity', offset=16, datatype=7, count=1)"
  ],
  "is_dense": false,
  "chunkSize": 261120,
  "length": 7009675,
  "uploadDate": {
    "$date": "2023-05-10T09:00:53.279Z"
  }
},
{
  "_id": {
    "$oid": "645b5d453ee5a49c61157255"
  },
  "time": "2022-08-30T13:26:15.061023",
  "type": "dynamic",
  "id": 3031,
  "height": 5,
  "width": 15750,
  "is_bigendian": false,
  "point_step": 32,
  "row_step": 504000,
  "fields": [
    "sensor_msgs.msg.PointField(name='x', offset=0, datatype=7, count=1)",
    "sensor_msgs.msg.PointField(name='y', offset=4, datatype=7, count=1)",
    "sensor_msgs.msg.PointField(name='z', offset=8, datatype=7, count=1)",
    "sensor_msgs.msg.PointField(name='intensity', offset=16, datatype=7, count=1)"
  ],
  "is_dense": false,
  "chunkSize": 261120,
  "length": 7010800,
  "uploadDate": {
    "$date": "2023-05-10T09:00:53.564Z"
  }
}]