[{
  "_id": {
    "$oid": "652a08d0575ee7418f82d681"
  },
  "model_name": "zx120",
  "name": "bt_sample",
  "type": "task",
  "description": "This task is sample task for moving zx120 using behavir tree.",
  "task_id": 1,
  "task_sequence": "<root main_tree_to_execute = \"MainTree\"><BehaviorTree ID=\"MainTree\"><Sequence name=\"root_sequence\"><SubtaskControlZx120Boom   initial_position = \"0\"   goal_position=\"-40\" /><SubtaskControlZx120Swing   initial_position = \"0\"   goal_position=\"90\"/><SubtaskControlZx120Arm   initial_position = \"80\"   goal_position=\"70\"/><SubtaskControlZx120Bucket   initial_position = \"30\"   goal_position=\"20\"/></Sequence></BehaviorTree></root>"
},
{
  "_id": {
    "$oid": "652a517f575ee7418f82d691"
  },
  "model_name": "zx120",
  "name": "bt_sample_with_parameter",
  "type": "task",
  "description": "This task is sample task　wiht parameters for moving zx120 using behavir tree.",
  "task_id": 2,
  "task_sequence": "<root main_tree_to_execute = \"MainTree\"><BehaviorTree ID=\"MainTree\"><Sequence name=\"root_sequence\"><SubtaskControlZx120Boom   initial_position = \"0\"   goal_position=\"$[1:zx120_boom_goal_pos]\" /><SubtaskControlZx120Swing   initial_position = \"0\"   goal_position=\"90\"/><SubtaskControlZx120Arm   initial_position = \"80\"   goal_position=\"70\"/><SubtaskControlZx120Bucket   initial_position = \"30\"   goal_position=\"20\"/></Sequence></BehaviorTree></root>"
},
{
  "_id": {
    "$oid": "652e73024ad3636af9ee65b7"
  },
  "model_name": "zx120",
  "name": "bt_sample",
  "type": "task",
  "description": "This task is sample task for parallel moving zx120 using behavior tree",
  "task_id": 3,
  "task_sequence": "<root main_tree_to_execute=\"BehaviorTree\"><BehaviorTree ID=\"BehaviorTree\"><Parallel failure_threshold=\"-1\" success_threshold=\"1\"><Sequence><Action ID=\"SubtaskControlZx120Arm\" goal_position=\"-40\" initial_position=\"0\" /><Action ID=\"SubtaskControlZx120Boom\" goal_position=\"90\" initial_position=\"0\" /></Sequence><Sequence><Action ID=\"SubtaskControlZx120Swing\" goal_position=\"70\" initial_position=\"80\" /><Action ID=\"SubtaskControlZx120Bucket\" goal_position=\"20\" initial_position=\"30\" /></Sequence></Parallel></BehaviorTree><TreeNodesModel><Action ID=\"SubtaskControlZx120Arm\"><input_port name=\"goal_position\" /><input_port name=\"initial_position\" /></Action><Action ID=\"SubtaskControlZx120Boom\"><input_port name=\"goal_position\" /><input_port name=\"initial_position\" /></Action><Action ID=\"SubtaskControlZx120Bucket\"><input_port name=\"goal_position\" /><input_port name=\"initial_position\" /></Action><Action ID=\"SubtaskControlZx120Swing\"><input_port name=\"goal_position\" /><input_port name=\"initial_position\" /></Action></TreeNodesModel></root>\n"
}]